id,source_thread_id,source_tweet_id,text,intent,escalate,reference_reply,annotator_notes
real-001,1864163.0,1864163,@AppleSupport ever since I updated my phone it freezes and restarts itself like 7 times a day and my echo text doesn’t even work! ☹️,battery_or_performance,False,"Please check Battery Health in Settings > Battery, keep the device updated, and if it continues, send a DM with the model and symptoms so we can narrow the issue.",real tweet sample labeled using the project intent taxonomy
real-002,1676278.0,1676277,@115858 fix this iOS 11 update!!!,battery_or_performance,False,"Please check Battery Health in Settings > Battery, keep the device updated, and if it continues, send a DM with the model and symptoms so we can narrow the issue.",real tweet sample labeled using the project intent taxonomy
real-003,795266.0,795266,"@AppleSupport: #apple cannot Support it’s #MacBookPro battery replacement, it should shut down the whole program to sort it out. Ridiculous!",repair_or_damage,True,"We can help you find repair options or warranty coverage, and a DM with the device model and issue will help us route you correctly.",real tweet sample labeled using the project intent taxonomy
real-004,1712034.0,1712034,So is @115858 gonna fix the I️ issue anytime soon or are we just gonna change the dictionary?,other_or_unknown,True,"Please share the product, what is failing, and when it started so we can route you to the correct support path.",real tweet sample labeled using the project intent taxonomy
real-005,1805155.0,1805155,@AppleSupport Y’all need to fix this new update!! My 6s+ and my #macbookair have not been working since I updated 😡😤 https://t.co/jWfZgI71v9,battery_or_performance,False,"Please check Battery Health in Settings > Battery, keep the device updated, and if it continues, send a DM with the model and symptoms so we can narrow the issue.",real tweet sample labeled using the project intent taxonomy
real-006,616269.0,616270,@AppleSupport 64gb 6s Plus -IOS 11.0.1,battery_or_performance,False,"Please check Battery Health in Settings > Battery, keep the device updated, and if it continues, send a DM with the model and symptoms so we can narrow the issue.",real tweet sample labeled using the project intent taxonomy
real-007,2784653.0,2784653,@AppleSupport what do I do if I tired to update my MacBook Pro and it restarted and keeps restarting over and over again? 🙄🤔,battery_or_performance,False,"Please check Battery Health in Settings > Battery, keep the device updated, and if it continues, send a DM with the model and symptoms so we can narrow the issue.",real tweet sample labeled using the project intent taxonomy
real-008,1780304.0,1780304,This @115858 iOS update is awful🙄slows down everything!,battery_or_performance,False,"Please check Battery Health in Settings > Battery, keep the device updated, and if it continues, send a DM with the model and symptoms so we can narrow the issue.",real tweet sample labeled using the project intent taxonomy
real-009,1674064.0,1674064,@AppleSupport can u please fix the keyboard thing so eye can type the letter eye?!,battery_or_performance,False,"Please check Battery Health in Settings > Battery, keep the device updated, and if it continues, send a DM with the model and symptoms so we can narrow the issue.",real tweet sample labeled using the project intent taxonomy
real-010,2369515.0,2369516,@AppleSupport iOS 11.1.1,battery_or_performance,False,"Please check Battery Health in Settings > Battery, keep the device updated, and if it continues, send a DM with the model and symptoms so we can narrow the issue.",real tweet sample labeled using the project intent taxonomy
real-011,691216.0,691216,How the fuck is Apple about to not let me change the song on my lock screen 🤔 @115948 @115858,repair_or_damage,True,"We can help you find repair options or warranty coverage, and a DM with the device model and issue will help us route you correctly.",real tweet sample labeled using the project intent taxonomy
real-012,152811.0,152810,@AppleSupport Help,other_or_unknown,True,"Please share the product, what is failing, and when it started so we can route you to the correct support path.",real tweet sample labeled using the project intent taxonomy
real-013,2012382.0,2012382,#WTF is this?! It’s only been 1.5 days with the #iPhoneX! #problems @115858 https://t.co/svfwruW60w,other_or_unknown,True,"Please share the product, what is failing, and when it started so we can route you to the correct support path.",real tweet sample labeled using the project intent taxonomy
real-014,1405497.0,1405498,"@252895 @AppleSupport I am trying hard not to Apple Bash, I have been a customer since the beginning but my iPhone 6+ now functions like a twenty year old computer trying to run new software. There is a 3-20 second delay after touching any button, including the home button. It keeps freezing,,,,",other_or_unknown,True,"Please share the product, what is failing, and when it started so we can route you to the correct support path.",real tweet sample labeled using the project intent taxonomy
real-015,2311619.0,2311619,"lose connection to watch (Series 2), common #Bluetooth problems and long start on iPhone6S (approx. 10 Min.) #iOS11 @115858 : fix it! it‘s annoying!",device_or_accessory_setup,False,"Please restart the device, forget and re-pair the accessory, and confirm Bluetooth is enabled. If it still fails, send a DM with the device model and setup step that is failing.",real tweet sample labeled using the project intent taxonomy
real-016,566755.0,566756,@AppleSupport Just when I play them on my Apple TV.,other_or_unknown,True,"Please share the product, what is failing, and when it started so we can route you to the correct support path.",real tweet sample labeled using the project intent taxonomy
real-017,2138825.0,2138825,@115858 needs to get it together.... why my shit looking like this after I️ updated iOS 11.1 ( I️ ),battery_or_performance,False,"Please check Battery Health in Settings > Battery, keep the device updated, and if it continues, send a DM with the model and symptoms so we can narrow the issue.",real tweet sample labeled using the project intent taxonomy
real-018,1134078.0,1134078,When it’s charging my iPhone 6 thinks it’s connected to “headphones”.  iOS11 is the gift that keeps giving @AppleSupport,device_or_accessory_setup,False,"Please restart the device, forget and re-pair the accessory, and confirm Bluetooth is enabled. If it still fails, send a DM with the device model and setup step that is failing.",real tweet sample labeled using the project intent taxonomy
real-019,1526962.0,1526962,@AppleSupport why am I️ seeing ? when I️ type I️ ?,other_or_unknown,True,"Please share the product, what is failing, and when it started so we can route you to the correct support path.",real tweet sample labeled using the project intent taxonomy
real-020,2062102.0,2062102,"Updated to iOS11..Battery draining,overheating is all what I got.. Thanks @115858 #iOS11",battery_or_performance,False,"Please check Battery Health in Settings > Battery, keep the device updated, and if it continues, send a DM with the model and symptoms so we can narrow the issue.",real tweet sample labeled using the project intent taxonomy
real-021,558387.0,558388,"@AppleSupport Okay, that let me update my phone! So we’ll see if it helps with the random shutting off/loading screen.",repair_or_damage,True,"We can help you find repair options or warranty coverage, and a DM with the device model and issue will help us route you correctly.",real tweet sample labeled using the project intent taxonomy
real-022,696638.0,696638,Why the fuck is iPhone changing it to I.T now? Get your shit together @115858,other_or_unknown,True,"Please share the product, what is failing, and when it started so we can route you to the correct support path.",real tweet sample labeled using the project intent taxonomy
real-023,2863548.0,2863549,@AppleSupport iOS 11.1,battery_or_performance,False,"Please check Battery Health in Settings > Battery, keep the device updated, and if it continues, send a DM with the model and symptoms so we can narrow the issue.",real tweet sample labeled using the project intent taxonomy
real-024,667853.0,667853,I just got this fuckiNG IPHONE 7+ A FEW MONTHS AGO ITS BRAND NEW SO WHY TF IS IT ACTING UP ANSWER ME THAT @115858,other_or_unknown,True,"Please share the product, what is failing, and when it started so we can route you to the correct support path.",real tweet sample labeled using the project intent taxonomy
real-025,331391.0,331391,@115858 hey guys just wanted to let you know I really hate the new iOS update and it's really confusing on the iPad so yeah.,battery_or_performance,False,"Please check Battery Health in Settings > Battery, keep the device updated, and if it continues, send a DM with the model and symptoms so we can narrow the issue.",real tweet sample labeled using the project intent taxonomy
real-026,486271.0,486271,@AppleSupport why has iTunes taken money out my bank? Can you help?,device_or_accessory_setup,False,"Please restart the device, forget and re-pair the accessory, and confirm Bluetooth is enabled. If it still fails, send a DM with the device model and setup step that is failing.",real tweet sample labeled using the project intent taxonomy
real-027,2522412.0,2522413,@AppleSupport iPhone 8 Plus. Anytime I get a Snapchat or go on Snapchat or twitter or Facebook or iMessage it’ll turn off,other_or_unknown,True,"Please share the product, what is failing, and when it started so we can route you to the correct support path.",real tweet sample labeled using the project intent taxonomy
real-028,1196811.0,1196811,And my iPhone froze again! @116333 Can you fix the buggy iOS11 asap?Thank god #SteveJobs is not alive to see @115858 become new @115890. https://t.co/kyWoD3kUNb,battery_or_performance,False,"Please check Battery Health in Settings > Battery, keep the device updated, and if it continues, send a DM with the model and symptoms so we can narrow the issue.",real tweet sample labeled using the project intent taxonomy
real-029,2064984.0,2064984,The time disappeared from my lock screen... @AppleSupport help🙂,repair_or_damage,True,"We can help you find repair options or warranty coverage, and a DM with the device model and issue will help us route you correctly.",real tweet sample labeled using the project intent taxonomy
real-030,1004462.0,1004462,"@AppleSupport y’all need a new update my phones ties quicker then ever , I need a charger everywhere I gon",battery_or_performance,False,"Please check Battery Health in Settings > Battery, keep the device updated, and if it continues, send a DM with the model and symptoms so we can narrow the issue.",real tweet sample labeled using the project intent taxonomy
real-031,1174824.0,1174826,@AppleSupport I tried that https://t.co/zuWOZIAOQQ,other_or_unknown,True,"Please share the product, what is failing, and when it started so we can route you to the correct support path.",real tweet sample labeled using the project intent taxonomy
real-032,396994.0,396994,"Fixez ce bug qui empêche de voir le texte qu’on écrit qd on passe sur le clavier emoji @115858 

svp",battery_or_performance,False,"Please check Battery Health in Settings > Battery, keep the device updated, and if it continues, send a DM with the model and symptoms so we can narrow the issue.",real tweet sample labeled using the project intent taxonomy
real-033,1272420.0,1272418,"@AppleSupport Not quite sure what you need. Standard iPad plug, standard Apple cable, plugged into an iPad Air 2. It's melted &amp; set carpet on fire",other_or_unknown,True,"Please share the product, what is failing, and when it started so we can route you to the correct support path.",real tweet sample labeled using the project intent taxonomy
real-034,2018466.0,2018466,Hey @AppleSupport i️ would love to use the first person singular pronoun to refer to myself again... without a question mark and a box A. https://t.co/sBnbjGz1l8,other_or_unknown,True,"Please share the product, what is failing, and when it started so we can route you to the correct support path.",real tweet sample labeled using the project intent taxonomy
real-035,1976022.0,1976022,@AppleSupport I can’t download again this is not cool I cant download anything,storage_or_cloud,False,"Please review your iCloud and storage settings, remove large backups if needed, and if the issue continues, DM the device and app name so we can narrow the problem.",real tweet sample labeled using the project intent taxonomy
real-036,1134146.0,1134146,"@115858 how do I remove a podcast from downloaded, but not delete, in the new iOS? @AppleSupport",storage_or_cloud,False,"Please review your iCloud and storage settings, remove large backups if needed, and if the issue continues, DM the device and app name so we can narrow the problem.",real tweet sample labeled using the project intent taxonomy
real-037,663923.0,663923,"@AppleSupport Why is Jay Versace's interview of the ""goin raw with timothy delaghetto"" podcast skipped on iTunes? It should be after ""gina darling"" and before ""james Davis"", but it's not. All the other episodes are there.",device_or_accessory_setup,False,"Please restart the device, forget and re-pair the accessory, and confirm Bluetooth is enabled. If it still fails, send a DM with the device model and setup step that is failing.",real tweet sample labeled using the project intent taxonomy
real-038,1455329.0,1455330,"@AppleSupport Yes, restart had no effect. Even on other devices with same Apple ID I can‘t hide the purchased apps.",account_access,False,"You can reset your Apple ID or password at iforgot.apple.com. Please do not share passwords or one-time codes in public, and DM us if you still cannot sign in.",real tweet sample labeled using the project intent taxonomy
real-039,325905.0,325905,"My iphone 6S has been so glitchy since the iOS updates. Can’t launch phone keypad quickly, contacts...@AppleSupport what is going on?",battery_or_performance,False,"Please check Battery Health in Settings > Battery, keep the device updated, and if it continues, send a DM with the model and symptoms so we can narrow the issue.",real tweet sample labeled using the project intent taxonomy
real-040,1636596.0,1636596,@AppleSupport ID LOVE TO HAVE A PHONE THAT DOESNT FREEZE EVERY 20 MINUTES,battery_or_performance,False,"Please check Battery Health in Settings > Battery, keep the device updated, and if it continues, send a DM with the model and symptoms so we can narrow the issue.",real tweet sample labeled using the project intent taxonomy
real-041,2017089.0,2017089,@115858 have you been able to fix the problem with the I’s yet? This is getting ridiculous I️ I️ I️ am furious!,other_or_unknown,True,"Please share the product, what is failing, and when it started so we can route you to the correct support path.",real tweet sample labeled using the project intent taxonomy
real-042,542459.0,542459,"@AppleSupport How do I get iOS 10 back on my 6s? My phone was in perfect working condition until I updated to iOS 11, now it barely functions &amp; restarts every 5 mins.",battery_or_performance,False,"Please check Battery Health in Settings > Battery, keep the device updated, and if it continues, send a DM with the model and symptoms so we can narrow the issue.",real tweet sample labeled using the project intent taxonomy
real-043,1579176.0,1579176,@115858 get to work with the I️ situation getting old quickly. @AppleSupport,other_or_unknown,True,"Please share the product, what is failing, and when it started so we can route you to the correct support path.",real tweet sample labeled using the project intent taxonomy
real-044,877725.0,877725,@AppleSupport my purchased ringtone is no longer ringing and is using a default Apple one instead. Is this a bug and can it be fixed? https://t.co/nRWQGL0WMJ,battery_or_performance,False,"Please check Battery Health in Settings > Battery, keep the device updated, and if it continues, send a DM with the model and symptoms so we can narrow the issue.",real tweet sample labeled using the project intent taxonomy
real-045,2555465.0,2555465,@AppleSupport I want to change my AppleID from my @133941 address to an #iCloud email account that I've just created - how do I do that please? Thanks in advance.,account_access,True,"You can reset your Apple ID or password at iforgot.apple.com. Please do not share passwords or one-time codes in public, and DM us if you still cannot sign in.",real tweet sample labeled using the project intent taxonomy
real-046,1853168.0,1853168,@115858 all these updates and you can’t add the low power mode to this scroll up menu? #QualityOfLifeRequest https://t.co/htg8jgn4WX,battery_or_performance,False,"Please check Battery Health in Settings > Battery, keep the device updated, and if it continues, send a DM with the model and symptoms so we can narrow the issue.",real tweet sample labeled using the project intent taxonomy
real-047,187950.0,187950,@AppleSupport watchOS 4 tiene problemas en identificar los álbumes de música en modo aleatorio,other_or_unknown,True,"Please share the product, what is failing, and when it started so we can route you to the correct support path.",real tweet sample labeled using the project intent taxonomy
real-048,1776264.0,1776265,@AppleSupport It started on Friday when X dropped. I’ve lived at this location for 3 years. Went from 4-5 bars to 1. And my phone won’t verify 11.1.1,other_or_unknown,True,"Please share the product, what is failing, and when it started so we can route you to the correct support path.",real tweet sample labeled using the project intent taxonomy
real-049,2330946.0,2330946,@AppleSupport why is “other” category using half the storage? #support #apple #ipad #ios11 https://t.co/3mE1l3vraF,storage_or_cloud,False,"Please review your iCloud and storage settings, remove large backups if needed, and if the issue continues, DM the device and app name so we can narrow the problem.",real tweet sample labeled using the project intent taxonomy
real-050,999856.0,999861,@AppleSupport IOS 11.1 se come la batería en iPhone 6. NO ACTUALICÉIS!!! No vuelvo a comprar iPhone en mi vida,battery_or_performance,False,"Please check Battery Health in Settings > Battery, keep the device updated, and if it continues, send a DM with the model and symptoms so we can narrow the issue.",real tweet sample labeled using the project intent taxonomy
real-051,1633536.0,1633536,"F'ing @115858 sucks! I upgraded my storage to $10 a month, I have full wifi capabilities and still cannot download @316629 new album! #Fail",device_or_accessory_setup,False,"Please restart the device, forget and re-pair the accessory, and confirm Bluetooth is enabled. If it still fails, send a DM with the device model and setup step that is failing.",real tweet sample labeled using the project intent taxonomy
real-052,2134196.0,2134196,"@115858 @917 why do i see !   ? every time someone tweets/snaps where an ""I"" is supposed to be? 🤦🏻‍♂️",other_or_unknown,True,"Please share the product, what is failing, and when it started so we can route you to the correct support path.",real tweet sample labeled using the project intent taxonomy
real-053,746855.0,746855,@AppleSupport siri is broken please fix her https://t.co/HSiltwUVaF,repair_or_damage,True,"We can help you find repair options or warranty coverage, and a DM with the device model and issue will help us route you correctly.",real tweet sample labeled using the project intent taxonomy
real-054,2758262.0,2758262,@115858 has just about lost my business. The updates keep making the quality of my phone worse. I have  to restart for apps to update. $600-$1000 doesn’t even last 2 years now. Enough.,battery_or_performance,False,"Please check Battery Health in Settings > Battery, keep the device updated, and if it continues, send a DM with the model and symptoms so we can narrow the issue.",real tweet sample labeled using the project intent taxonomy
real-055,335748.0,335749,@AppleSupport No it’s set as default settings,other_or_unknown,True,"Please share the product, what is failing, and when it started so we can route you to the correct support path.",real tweet sample labeled using the project intent taxonomy
real-056,1525212.0,1525213,"@AppleSupport I’m bumping some tunes and shooting out the occasional text, Snapchat, and tweet",battery_or_performance,False,"Please check Battery Health in Settings > Battery, keep the device updated, and if it continues, send a DM with the model and symptoms so we can narrow the issue.",real tweet sample labeled using the project intent taxonomy
real-057,33414.0,33413,@AppleSupport  https://t.co/2vVFr3ZYiK,other_or_unknown,True,"Please share the product, what is failing, and when it started so we can route you to the correct support path.",real tweet sample labeled using the project intent taxonomy
real-058,746052.0,746053,@AppleSupport I did! Just turned it off! Thanks!,other_or_unknown,True,"Please share the product, what is failing, and when it started so we can route you to the correct support path.",real tweet sample labeled using the project intent taxonomy
real-059,1445886.0,1445886,@AppleSupport How can I delete an old Apple account ? I don't find that on https://t.co/JMfb6Ogsyb,account_access,False,"You can reset your Apple ID or password at iforgot.apple.com. Please do not share passwords or one-time codes in public, and DM us if you still cannot sign in.",real tweet sample labeled using the project intent taxonomy
real-060,2831736.0,2831736,@115858 you guys need to fix iOS 11 for the 7plus my phone keeps freezing and I’m tired of restarting my phone.,battery_or_performance,False,"Please check Battery Health in Settings > Battery, keep the device updated, and if it continues, send a DM with the model and symptoms so we can narrow the issue.",real tweet sample labeled using the project intent taxonomy
real-061,1704016.0,1704015,Also wtf is ulwjth this dumb autocorrect. Get it together @115858,battery_or_performance,False,"Please check Battery Health in Settings > Battery, keep the device updated, and if it continues, send a DM with the model and symptoms so we can narrow the issue.",real tweet sample labeled using the project intent taxonomy
real-062,2143242.0,2143242,@AppleSupport why is this popping up every 2 minutes when I don’t send text messages 🙃 https://t.co/T6DP5EC5aY,battery_or_performance,False,"Please check Battery Health in Settings > Battery, keep the device updated, and if it continues, send a DM with the model and symptoms so we can narrow the issue.",real tweet sample labeled using the project intent taxonomy
real-063,1013013.0,1013014,@AppleSupport Recently bought d iphone 6 online. Photos which i click i cannot delete afterwards. I cant even delete multiple pics at once.,battery_or_performance,False,"Please check Battery Health in Settings > Battery, keep the device updated, and if it continues, send a DM with the model and symptoms so we can narrow the issue.",real tweet sample labeled using the project intent taxonomy
real-064,1476458.0,1476457,@462783 @115858 Has to be cause Siri and my to put people on speaker doesn’t work. And every once in a while my phone just stops working or freezes.,battery_or_performance,False,"Please check Battery Health in Settings > Battery, keep the device updated, and if it continues, send a DM with the model and symptoms so we can narrow the issue.",real tweet sample labeled using the project intent taxonomy
real-065,883155.0,883155,@115858 it is very frustrating. When you call center canon fix a simple problem! #applesucks,other_or_unknown,True,"Please share the product, what is failing, and when it started so we can route you to the correct support path.",real tweet sample labeled using the project intent taxonomy
real-066,722028.0,722028,@115858 dont loke the obnoxiously large folder titles in the mail app and the new mail app in general is VERY buggy.,device_or_accessory_setup,False,"Please restart the device, forget and re-pair the accessory, and confirm Bluetooth is enabled. If it still fails, send a DM with the device model and setup step that is failing.",real tweet sample labeled using the project intent taxonomy
real-067,325907.0,325908,@AppleSupport I have bought a Apple care plan and after paying I came to know the warranty has been expired phone was bought on 7 oct 2016.can someone hlp,repair_or_damage,True,"We can help you find repair options or warranty coverage, and a DM with the device model and issue will help us route you correctly.",real tweet sample labeled using the project intent taxonomy
real-068,2910491.0,2910492,"@AppleSupport Yes, I can sign in elsewhere.",account_access,True,"You can reset your Apple ID or password at iforgot.apple.com. Please do not share passwords or one-time codes in public, and DM us if you still cannot sign in.",real tweet sample labeled using the project intent taxonomy
real-069,2746104.0,2746104,Can't sign in to iCloud lost all contacts on my phone. Not can I access my mail. Will not work on phone but works on iPad #icloud @115858 @AppleSupport #sos,account_access,True,"You can reset your Apple ID or password at iforgot.apple.com. Please do not share passwords or one-time codes in public, and DM us if you still cannot sign in.",real tweet sample labeled using the project intent taxonomy
real-070,1454614.0,1454614,Just got back from clicking download on each of those tracks @AppleSupport. Do the right things here. @115948 batch actions please https://t.co/nubPcYIRSA,storage_or_cloud,False,"Please review your iCloud and storage settings, remove large backups if needed, and if the issue continues, DM the device and app name so we can narrow the problem.",real tweet sample labeled using the project intent taxonomy
real-071,2311569.0,2311570,@AppleSupport Others type it,other_or_unknown,True,"Please share the product, what is failing, and when it started so we can route you to the correct support path.",real tweet sample labeled using the project intent taxonomy
real-072,112859.0,112860,"@AppleSupport When I call the 1-800 My iPhone, the recording states “Due to the holiday, we’re offering limited product support. You will need an extended hours agreement.”",other_or_unknown,True,"Please share the product, what is failing, and when it started so we can route you to the correct support path.",real tweet sample labeled using the project intent taxonomy
real-073,2117333.0,2117333,"The least you can do is give us a new update to get rid of these boxes, or a new phone will do @AppleSupport",battery_or_performance,False,"Please check Battery Health in Settings > Battery, keep the device updated, and if it continues, send a DM with the model and symptoms so we can narrow the issue.",real tweet sample labeled using the project intent taxonomy
real-074,554838.0,554838,@AppleSupport hey been on hold for 20 minutes I feel so appreciated for buying this defective phone......,other_or_unknown,True,"Please share the product, what is failing, and when it started so we can route you to the correct support path.",real tweet sample labeled using the project intent taxonomy
real-075,2434239.0,2434240,@AppleSupport iOS 11.0.3 is installed. https://t.co/9VlJG5yNJT,battery_or_performance,False,"Please check Battery Health in Settings > Battery, keep the device updated, and if it continues, send a DM with the model and symptoms so we can narrow the issue.",real tweet sample labeled using the project intent taxonomy
real-076,1657727.0,1657727,Side note: this I️ is bullshit.  Fix this ASAP @115858,other_or_unknown,True,"Please share the product, what is failing, and when it started so we can route you to the correct support path.",real tweet sample labeled using the project intent taxonomy
real-077,956364.0,956364,Help @AppleSupport my iPhone refuses to install an app despite having ample storage space. 😞 https://t.co/fJah0Fe9jh,storage_or_cloud,False,"Please review your iCloud and storage settings, remove large backups if needed, and if the issue continues, DM the device and app name so we can narrow the problem.",real tweet sample labeled using the project intent taxonomy
real-078,233949.0,233950,"@AppleSupport They have not. I have the push notifications show up on my homescreen, but when I go to voicemail-nada. They show up next day, sometimes",repair_or_damage,True,"We can help you find repair options or warranty coverage, and a DM with the device model and issue will help us route you correctly.",real tweet sample labeled using the project intent taxonomy
real-079,1709899.0,1709899,"@AppleSupport I’m on an iPhone 6S. Since updating to iOS11, phone calls regularly drop and GPS isn’t working. Any help? No issues before",other_or_unknown,True,"Please share the product, what is failing, and when it started so we can route you to the correct support path.",real tweet sample labeled using the project intent taxonomy
real-080,208231.0,208278,"@AppleSupport i am not receiving the verifctn code on my trusted numbr despite numerous requests, what could be the problem. cant even use my new device",other_or_unknown,True,"Please share the product, what is failing, and when it started so we can route you to the correct support path.",real tweet sample labeled using the project intent taxonomy
real-081,595773.0,595773,"@AppleSupport @115858 
Do you offer a trade-in /upgrade program for Apple Watches?",trade_in,False,"Trade-in status can be checked at apple.com/shop/trade-in/status. If the credit is missing, send the confirmation number in a DM so we can review it.",real tweet sample labeled using the project intent taxonomy
real-082,1633078.0,1633078,"Hey @115858 @AppleSupport I️ don’t need 70 emoji’s, how bout fixing this “I️ “ typo glitch first... thanks! #fixthis #annoying #I️ https://t.co/eMitF49FwI",battery_or_performance,False,"Please check Battery Health in Settings > Battery, keep the device updated, and if it continues, send a DM with the model and symptoms so we can narrow the issue.",real tweet sample labeled using the project intent taxonomy
real-083,2304289.0,2304289,"iPhone 6s+ is sluggish, some basic functions are just not working on 11.03 @115858 each update is worse! Ugh!",battery_or_performance,False,"Please check Battery Health in Settings > Battery, keep the device updated, and if it continues, send a DM with the model and symptoms so we can narrow the issue.",real tweet sample labeled using the project intent taxonomy
real-084,1960076.0,1960076,The new iOS has completely fucked my phone up. Cheers @115858,other_or_unknown,True,"Please share the product, what is failing, and when it started so we can route you to the correct support path.",real tweet sample labeled using the project intent taxonomy
real-085,1339736.0,1339735,@sprintcare @432495 @431551 @115858 @115714 that’s not the issue. I’ve been charged 3 x. To have one say it’s being reserved and the other two nothing. I didn’t even know,purchase_or_duplicate_charge,True,We can review the duplicate payment in a private channel. Please DM the order number and the app or store where the charge appeared so we can investigate.,real tweet sample labeled using the project intent taxonomy
real-086,1780463.0,1780463,@AppleSupport phone keeps shutting off after update. Anyone else have this problem?,battery_or_performance,False,"Please check Battery Health in Settings > Battery, keep the device updated, and if it continues, send a DM with the model and symptoms so we can narrow the issue.",real tweet sample labeled using the project intent taxonomy
real-087,2082116.0,2082116,Thanks @115858 for making my phone practically useless. #iOShite,other_or_unknown,True,"Please share the product, what is failing, and when it started so we can route you to the correct support path.",real tweet sample labeled using the project intent taxonomy
real-088,1768897.0,1768897,#watchos 4.1 update lukt niet !! Foutmelding “u moet verbonden zijn met het internet”.....terwijl dit wel het geval is !!?@AppleSupport,battery_or_performance,False,"Please check Battery Health in Settings > Battery, keep the device updated, and if it continues, send a DM with the model and symptoms so we can narrow the issue.",real tweet sample labeled using the project intent taxonomy
real-089,1454587.0,1454587,12h37. 20%. Full chargé à 8h15. Utilisation normale. @115858 @AppleSupport #iOS11 bêta 11.2 . https://t.co/K3VIV6eKTB,other_or_unknown,True,"Please share the product, what is failing, and when it started so we can route you to the correct support path.",real tweet sample labeled using the project intent taxonomy
real-090,2736389.0,2736389,Updated my phone and still seeing boxes 🤬 @115858,battery_or_performance,False,"Please check Battery Health in Settings > Battery, keep the device updated, and if it continues, send a DM with the model and symptoms so we can narrow the issue.",real tweet sample labeled using the project intent taxonomy
real-091,546523.0,546523,"@AppleSupport How to fix ""No Service"" in ios 11.1.2 in iphone 6s fix bugs....",device_or_accessory_setup,False,"Please restart the device, forget and re-pair the accessory, and confirm Bluetooth is enabled. If it still fails, send a DM with the device model and setup step that is failing.",real tweet sample labeled using the project intent taxonomy
real-092,41650.0,41650,Hey @AppleSupport my iCloud mail is getting hammered with spam. Did you turn off filters? Under attack? LMK.,account_access,True,"You can reset your Apple ID or password at iforgot.apple.com. Please do not share passwords or one-time codes in public, and DM us if you still cannot sign in.",real tweet sample labeled using the project intent taxonomy
real-093,1546695.0,1546695,@115858 the update you did to fix the i from turning into a question mark didn’t work.,battery_or_performance,False,"Please check Battery Health in Settings > Battery, keep the device updated, and if it continues, send a DM with the model and symptoms so we can narrow the issue.",real tweet sample labeled using the project intent taxonomy
real-094,1771499.0,1771499,@115858 why does my phone charge for 10 mins at a time and then stop 😑 TEEEEEELLLLLL MEEEEE WHHHYYY,other_or_unknown,True,"Please share the product, what is failing, and when it started so we can route you to the correct support path.",real tweet sample labeled using the project intent taxonomy
real-095,2893329.0,2893329,"@AppleSupport I am really struggling with my iPhone 5 iOS update, kindly assist",battery_or_performance,False,"Please check Battery Health in Settings > Battery, keep the device updated, and if it continues, send a DM with the model and symptoms so we can narrow the issue.",real tweet sample labeled using the project intent taxonomy
real-096,1679282.0,1679282,This new @115858 update is messing with the predictive text is bothering me every time I️ type I️ I️ get the “A ?”,battery_or_performance,False,"Please check Battery Health in Settings > Battery, keep the device updated, and if it continues, send a DM with the model and symptoms so we can narrow the issue.",real tweet sample labeled using the project intent taxonomy
real-097,1508692.0,1508692,@AppleSupport are you able to run a remote diagnostics on my📱 to check battery health?,battery_or_performance,False,"Please check Battery Health in Settings > Battery, keep the device updated, and if it continues, send a DM with the model and symptoms so we can narrow the issue.",real tweet sample labeled using the project intent taxonomy
real-098,2402075.0,2402075,@115858 is really getting on my nerves right now . My phone and laptop wanna act dumb and they are completely updated . @122609 be ready .,battery_or_performance,False,"Please check Battery Health in Settings > Battery, keep the device updated, and if it continues, send a DM with the model and symptoms so we can narrow the issue.",real tweet sample labeled using the project intent taxonomy
real-099,1582115.0,1582114,@486995 @115858 it’s so frustrating! 🙆🏻‍♀️🤦🏻‍♀️,other_or_unknown,True,"Please share the product, what is failing, and when it started so we can route you to the correct support path.",real tweet sample labeled using the project intent taxonomy
real-100,862171.0,862171,iOS11 is making my iPhone 6 obsolete cause it’s lagging like never before since i updated it wtf @AppleSupport,battery_or_performance,False,"Please check Battery Health in Settings > Battery, keep the device updated, and if it continues, send a DM with the model and symptoms so we can narrow the issue.",real tweet sample labeled using the project intent taxonomy
real-101,613145.0,613145,"@AppleSupport Quality control has slipped on iOS11.  (11.1.2) has all sorts of issues.  Apps not opening, apps freezing, installs freezing.  Reboots don't always clear it up either.",device_or_accessory_setup,False,"Please restart the device, forget and re-pair the accessory, and confirm Bluetooth is enabled. If it still fails, send a DM with the device model and setup step that is failing.",real tweet sample labeled using the project intent taxonomy
real-102,33378.0,33379,@AppleSupport Thanks!,other_or_unknown,True,"Please share the product, what is failing, and when it started so we can route you to the correct support path.",real tweet sample labeled using the project intent taxonomy
real-103,2014270.0,2014270,"@AppleSupport message pops up every two minutes, but my iphone is up to date according to settings. please advise on how to correct this? https://t.co/5BP3fqfN6x",other_or_unknown,True,"Please share the product, what is failing, and when it started so we can route you to the correct support path.",real tweet sample labeled using the project intent taxonomy
real-104,1472766.0,1472767,@AppleSupport Thank you for the response. It happened randomly. And sometimes I couldn’t even log my passcode coz it always freezing. 😞,other_or_unknown,True,"Please share the product, what is failing, and when it started so we can route you to the correct support path.",real tweet sample labeled using the project intent taxonomy
real-105,2440908.0,2440909,@AppleSupport No,other_or_unknown,True,"Please share the product, what is failing, and when it started so we can route you to the correct support path.",real tweet sample labeled using the project intent taxonomy
real-106,711679.0,711680,@AppleSupport 11.0.2,other_or_unknown,True,"Please share the product, what is failing, and when it started so we can route you to the correct support path.",real tweet sample labeled using the project intent taxonomy
real-107,1168847.0,1168847,@AppleSupport why does my phone say “No Service” after I updated my phone.,device_or_accessory_setup,False,"Please restart the device, forget and re-pair the accessory, and confirm Bluetooth is enabled. If it still fails, send a DM with the device model and setup step that is failing.",real tweet sample labeled using the project intent taxonomy
real-108,396998.0,396998,The wonderful iPhone 7 plus on iOS 11 feels like a old HTC evo 3D loaded with bloarware. Such lag on a year old device... Wtf @115858,battery_or_performance,False,"Please check Battery Health in Settings > Battery, keep the device updated, and if it continues, send a DM with the model and symptoms so we can narrow the issue.",real tweet sample labeled using the project intent taxonomy
real-109,464717.0,464717,@115858 my iMessage isn’t working but ill switch to Android bc I’m smarter than u think I know u want me to upgrade !!!,other_or_unknown,True,"Please share the product, what is failing, and when it started so we can route you to the correct support path.",real tweet sample labeled using the project intent taxonomy
real-110,2903665.0,2903665,@115858 please fix this fucking “I.T” thing before I throw my phone against a wall as hard as I can.,other_or_unknown,True,"Please share the product, what is failing, and when it started so we can route you to the correct support path.",real tweet sample labeled using the project intent taxonomy
real-111,2128267.0,2128268,"@AppleSupport Umm...
That’s great, but in my case the uppercase was used; NOT the lowercase. 

Nothing is being autocorrected; your software is manipulating my input, post submission. 

#SwingAndAMiss",battery_or_performance,False,"Please check Battery Health in Settings > Battery, keep the device updated, and if it continues, send a DM with the model and symptoms so we can narrow the issue.",real tweet sample labeled using the project intent taxonomy
real-112,261780.0,261780,Hey @AppleSupport why does sliding up on my iPhone not let me play/pause/skip and why do my volume buttons have no effect since iOS update?,battery_or_performance,False,"Please check Battery Health in Settings > Battery, keep the device updated, and if it continues, send a DM with the model and symptoms so we can narrow the issue.",real tweet sample labeled using the project intent taxonomy
real-113,104191.0,104190,"@AppleSupport Thanks. Yep I checked that, but neither phone has the other listed as an alternative data source. It’s almost like it’s because they’re both linked to my iCloud account or something. Here’s an example from one of them, the one listed is the same device name. https://t.co/zKVWO3obZj",account_access,True,"You can reset your Apple ID or password at iforgot.apple.com. Please do not share passwords or one-time codes in public, and DM us if you still cannot sign in.",real tweet sample labeled using the project intent taxonomy
real-114,2906759.0,2906759,@AppleSupport I am having issue with my MacBook please check your DM,other_or_unknown,True,"Please share the product, what is failing, and when it started so we can route you to the correct support path.",real tweet sample labeled using the project intent taxonomy
real-115,1982882.0,1982882,Why can’t my iPhone manage to properly count my unread gmail since the last update? It’s like the simplest coding thing ever @115858.,battery_or_performance,False,"Please check Battery Health in Settings > Battery, keep the device updated, and if it continues, send a DM with the model and symptoms so we can narrow the issue.",real tweet sample labeled using the project intent taxonomy
real-116,617285.0,617285,First the stupid “I” problem now the “I.t” problem on iPhone. WTF is going on? @115858,other_or_unknown,True,"Please share the product, what is failing, and when it started so we can route you to the correct support path.",real tweet sample labeled using the project intent taxonomy
real-117,2053531.0,2053531,@AppleSupport My phone is being very slow and my screen keeps freezing. What do I do?,repair_or_damage,True,"We can help you find repair options or warranty coverage, and a DM with the device model and issue will help us route you correctly.",real tweet sample labeled using the project intent taxonomy
real-118,522057.0,522057,@AppleSupport  BTW I run 11.1.2 manually setting your clock back a few days seem to work but that ain't a real fix.,other_or_unknown,True,"Please share the product, what is failing, and when it started so we can route you to the correct support path.",real tweet sample labeled using the project intent taxonomy
real-119,2287610.0,2287609,@AppleSupport issue resolved thanx,other_or_unknown,True,"Please share the product, what is failing, and when it started so we can route you to the correct support path.",real tweet sample labeled using the project intent taxonomy
real-120,2095677.0,2095677,"@AppleSupport The TV app in iOS11 needs network to refresh its thumbnails, even for downloaded content - can't watch movies on the subway 😢",device_or_accessory_setup,False,"Please restart the device, forget and re-pair the accessory, and confirm Bluetooth is enabled. If it still fails, send a DM with the device model and setup step that is failing.",real tweet sample labeled using the project intent taxonomy
real-121,891090.0,891089,@AppleSupport One app OpenTable,other_or_unknown,True,"Please share the product, what is failing, and when it started so we can route you to the correct support path.",real tweet sample labeled using the project intent taxonomy
real-122,1736104.0,1736104,@115858 can someone explain to me why my face unlocks my dad's iPhone X that is set up with his face ID???? I ain't pay a G for this shit??,other_or_unknown,True,"Please share the product, what is failing, and when it started so we can route you to the correct support path.",real tweet sample labeled using the project intent taxonomy
real-123,1897493.0,1897493,@AppleSupport @13071 @797 need to fix you OS!! https://t.co/5PkblAfcUI,other_or_unknown,True,"Please share the product, what is failing, and when it started so we can route you to the correct support path.",real tweet sample labeled using the project intent taxonomy
real-124,827151.0,827149,@AppleSupport I did try it while connected to my own wifi. It still didn't work. On an unrelated note. Is there a way to u lock more storage on my phone?,device_or_accessory_setup,False,"Please restart the device, forget and re-pair the accessory, and confirm Bluetooth is enabled. If it still fails, send a DM with the device model and setup step that is failing.",real tweet sample labeled using the project intent taxonomy
real-125,1443245.0,1443245,"my iphone is dead and every time i go to an @115858 store it's a 3+ hour wait... so i haven't been ignoring you, but i won't wait 3 hours",other_or_unknown,True,"Please share the product, what is failing, and when it started so we can route you to the correct support path.",real tweet sample labeled using the project intent taxonomy
real-126,55120.0,55121,@AppleSupport @applesupport can your team figure out the I️ issue. Or will l continue to have to use lower case l’s for them for a while? Let’s start here,other_or_unknown,True,"Please share the product, what is failing, and when it started so we can route you to the correct support path.",real tweet sample labeled using the project intent taxonomy
real-127,508265.0,508266,"@AppleSupport No, I don't. I watched my battery drop 5% in just a couple minutes though.",battery_or_performance,False,"Please check Battery Health in Settings > Battery, keep the device updated, and if it continues, send a DM with the model and symptoms so we can narrow the issue.",real tweet sample labeled using the project intent taxonomy
real-128,1637810.0,1637810,"@AppleSupport I️ I️ I️ I️ I️ I️ I️ I️ I️ I️ I️ I️ I️ I️ I️ I️ I️ I️ I️ I️ I️ I️ I️

Fix this",other_or_unknown,True,"Please share the product, what is failing, and when it started so we can route you to the correct support path.",real tweet sample labeled using the project intent taxonomy
real-129,2301710.0,2301711,@AppleSupport I went onto iTunes on my computer and it downloaded on there so I was able to download it to my phone from my computer. Thanks!,device_or_accessory_setup,False,"Please restart the device, forget and re-pair the accessory, and confirm Bluetooth is enabled. If it still fails, send a DM with the device model and setup step that is failing.",real tweet sample labeled using the project intent taxonomy
real-130,2713231.0,2713231,@115858 yo we need to talk... tell me how the update made my battery go from 100% to 65% in 5 minutes ?? #fixyourself,battery_or_performance,False,"Please check Battery Health in Settings > Battery, keep the device updated, and if it continues, send a DM with the model and symptoms so we can narrow the issue.",real tweet sample labeled using the project intent taxonomy
real-131,177866.0,177867,@AppleSupport @157899 Y’all fucked my phone up with the last update😩 I have the 7 and this bitch freezes about 3-5 times a day for about 3-8minutes at a time. Me and Troy demand resolutions and we demand them now!,battery_or_performance,False,"Please check Battery Health in Settings > Battery, keep the device updated, and if it continues, send a DM with the model and symptoms so we can narrow the issue.",real tweet sample labeled using the project intent taxonomy
real-132,2286866.0,2286865,"Seriously @AppleSupport?

I've restored from backup SEVEN DIFFERENT WAYS so sending me instructions on how to restore is both *unhelpful* and *insulting*.

The issue is the restored (new) iphone is missing data from the old iPhone. Tried 2 computers + iTunes &amp; iCloud

#BadService https://t.co/QJrElWMuRY",account_access,True,"You can reset your Apple ID or password at iforgot.apple.com. Please do not share passwords or one-time codes in public, and DM us if you still cannot sign in.",real tweet sample labeled using the project intent taxonomy
real-133,2078610.0,2078610,@AppleSupport on iOS 11.0.2 Phone keeps freezing. Phone has also shutdown 4x in 12 hours. Phone is used with a medical device. Please fix!,battery_or_performance,False,"Please check Battery Health in Settings > Battery, keep the device updated, and if it continues, send a DM with the model and symptoms so we can narrow the issue.",real tweet sample labeled using the project intent taxonomy
real-134,1650155.0,1650154,"@AppleSupport Thank you, it worked!",other_or_unknown,True,"Please share the product, what is failing, and when it started so we can route you to the correct support path.",real tweet sample labeled using the project intent taxonomy
real-135,2118354.0,2118354,@AppleSupport I️ recently did the new software update ( iOS 11.1) and my phone has not been working properly. What’s the point of the update?,battery_or_performance,False,"Please check Battery Health in Settings > Battery, keep the device updated, and if it continues, send a DM with the model and symptoms so we can narrow the issue.",real tweet sample labeled using the project intent taxonomy
real-136,269511.0,269511,I didn’t know downloading iOS 11 meant I had to carry a phone charger with me everywhere I went. @115858,battery_or_performance,False,"Please check Battery Health in Settings > Battery, keep the device updated, and if it continues, send a DM with the model and symptoms so we can narrow the issue.",real tweet sample labeled using the project intent taxonomy
real-137,568430.0,568431,@AppleSupport I just responded through dm on the twitter website,other_or_unknown,True,"Please share the product, what is failing, and when it started so we can route you to the correct support path.",real tweet sample labeled using the project intent taxonomy
real-138,2004267.0,2004267,@115858 I️ need you to fix this. I’m starting to read I️ like if it’s actually a letter.,other_or_unknown,True,"Please share the product, what is failing, and when it started so we can route you to the correct support path.",real tweet sample labeled using the project intent taxonomy
real-139,1281444.0,1281444,Decided to upgrade to that iOS 11 shit and now my phones battery draining without me even touching it. I’m done with your antics @115858 🖕,battery_or_performance,False,"Please check Battery Health in Settings > Battery, keep the device updated, and if it continues, send a DM with the model and symptoms so we can narrow the issue.",real tweet sample labeled using the project intent taxonomy
real-140,1974957.0,1974957,Hey @AppleSupport are you ever going to fix the iOS 11 bugs or am I going to have to restart my phone 3x a day for the rest of my life?,battery_or_performance,False,"Please check Battery Health in Settings > Battery, keep the device updated, and if it continues, send a DM with the model and symptoms so we can narrow the issue.",real tweet sample labeled using the project intent taxonomy
real-141,866221.0,866222,"@AppleSupport Well…? Things’re are pretty whack, here, with my phone, apps, WiFi and everything.",device_or_accessory_setup,False,"Please restart the device, forget and re-pair the accessory, and confirm Bluetooth is enabled. If it still fails, send a DM with the device model and setup step that is failing.",real tweet sample labeled using the project intent taxonomy
real-142,1781582.0,1781582,@AppleSupport I bought a new phone but one album I bought didn’t transfer over and I don’t know how to get it back,other_or_unknown,True,"Please share the product, what is failing, and when it started so we can route you to the correct support path.",real tweet sample labeled using the project intent taxonomy
real-143,193593.0,193593,Dentro de tanta perfeccion tienen miles de fallas #Apple @115858 @AppleSupport Perdí mi dinero por que no tengo la factura.,other_or_unknown,True,"Please share the product, what is failing, and when it started so we can route you to the correct support path.",real tweet sample labeled using the project intent taxonomy
real-144,1221031.0,1221031,@AppleSupport Hi iPhone update 11.0.3 Very bad makes iPhone 5s warm up to the highest degree and can not be used in case of high temperature Please resolve this problem immediately Thank you,battery_or_performance,False,"Please check Battery Health in Settings > Battery, keep the device updated, and if it continues, send a DM with the model and symptoms so we can narrow the issue.",real tweet sample labeled using the project intent taxonomy
real-145,852882.0,852880,@AppleSupport I haven’t done anything special yet. Just skip over the songs that I’ve already “disliked” when they come up again.,other_or_unknown,True,"Please share the product, what is failing, and when it started so we can route you to the correct support path.",real tweet sample labeled using the project intent taxonomy
real-146,260848.0,260845,@AppleSupport 2)) second was like an error during streaming a video! it was restarted!I had no idea what was going on? what's the problem with new iOS 11?,battery_or_performance,False,"Please check Battery Health in Settings > Battery, keep the device updated, and if it continues, send a DM with the model and symptoms so we can narrow the issue.",real tweet sample labeled using the project intent taxonomy
real-147,2117874.0,2117874,Get your shit together @115858 https://t.co/wMAL8kdRnl,other_or_unknown,True,"Please share the product, what is failing, and when it started so we can route you to the correct support path.",real tweet sample labeled using the project intent taxonomy
real-148,2683827.0,2683827,@AppleSupport I think the #greenline suits my new #iPhoneX. What do I do now? https://t.co/OdBO7lh9J5,other_or_unknown,True,"Please share the product, what is failing, and when it started so we can route you to the correct support path.",real tweet sample labeled using the project intent taxonomy
real-149,2185445.0,2185445,@AppleSupport I have an iPhone 6S. I was just using it and a preview of a text message that I got yesterday came up and is now stuck at the top of my screen. Because of where it is I cannot swipe it away or swipe to shut down my phone. Any ideas of what I can do to fix it?,repair_or_damage,True,"We can help you find repair options or warranty coverage, and a DM with the device model and issue will help us route you correctly.",real tweet sample labeled using the project intent taxonomy
real-150,2076278.0,2076278,"Correction , this IOS update is messing up my phone @115858",battery_or_performance,False,"Please check Battery Health in Settings > Battery, keep the device updated, and if it continues, send a DM with the model and symptoms so we can narrow the issue.",real tweet sample labeled using the project intent taxonomy
real-151,2751516.0,2751517,@AppleSupport No it doesn’t and I haven’t put any on but there could be,other_or_unknown,True,"Please share the product, what is failing, and when it started so we can route you to the correct support path.",real tweet sample labeled using the project intent taxonomy
real-152,2366173.0,2366173,My phone automatically updated last night now my Apple Music won’t play... thanks @115858,device_or_accessory_setup,False,"Please restart the device, forget and re-pair the accessory, and confirm Bluetooth is enabled. If it still fails, send a DM with the device model and setup step that is failing.",real tweet sample labeled using the project intent taxonomy
real-153,1772225.0,1772225,this “i” shit is really annoying. @115858,other_or_unknown,True,"Please share the product, what is failing, and when it started so we can route you to the correct support path.",real tweet sample labeled using the project intent taxonomy
real-154,2125995.0,2125995,I’ll be happy when @115858 drops an update to fix this “I” problem,battery_or_performance,False,"Please check Battery Health in Settings > Battery, keep the device updated, and if it continues, send a DM with the model and symptoms so we can narrow the issue.",real tweet sample labeled using the project intent taxonomy
real-155,2583211.0,2583211,@AppleSupport I reaaaaalllly need to make an appointment tomorrow in Germantown. I don't have my apple id handy. Anyway you can help me?,account_access,False,"You can reset your Apple ID or password at iforgot.apple.com. Please do not share passwords or one-time codes in public, and DM us if you still cannot sign in.",real tweet sample labeled using the project intent taxonomy
real-156,2681386.0,2681386,YALL NEED TO FIX THE DAMN LETTER “I️” @AppleSupport,other_or_unknown,True,"Please share the product, what is failing, and when it started so we can route you to the correct support path.",real tweet sample labeled using the project intent taxonomy
real-157,235846.0,235846,"@AppleSupport I updated to IOS 11.0.2 Mail doesn’t work on my iPhone 6 Plus. I get an error msg saying the pwd is wrong, but it isn’t.",battery_or_performance,False,"Please check Battery Health in Settings > Battery, keep the device updated, and if it continues, send a DM with the model and symptoms so we can narrow the issue.",real tweet sample labeled using the project intent taxonomy
real-158,1858291.0,1858291,@115858 has really been shitting the bed lately. I've had more issues with the iPhone 7 than all my iPhones combined since second gen. https://t.co/TBFb74uRy4,other_or_unknown,True,"Please share the product, what is failing, and when it started so we can route you to the correct support path.",real tweet sample labeled using the project intent taxonomy
real-159,1927922.0,1927922,@115858 my factory charger just caught on fucking fire 😡😡😡😡 I'm gonna need a new phone sent to me or I'm going android,other_or_unknown,True,"Please share the product, what is failing, and when it started so we can route you to the correct support path.",real tweet sample labeled using the project intent taxonomy
real-160,2476246.0,2476247,@AppleSupport on**,other_or_unknown,True,"Please share the product, what is failing, and when it started so we can route you to the correct support path.",real tweet sample labeled using the project intent taxonomy
real-161,1947649.0,1947649,"@AppleSupport newest update has murdered my 5s. Apps crash, phone freezes, and I can’t phone people. New phone please! #ios11 #iphone #apple",battery_or_performance,False,"Please check Battery Health in Settings > Battery, keep the device updated, and if it continues, send a DM with the model and symptoms so we can narrow the issue.",real tweet sample labeled using the project intent taxonomy
real-162,2147684.0,2147684,When is @115858 or who the fuck ever it is going to fix the letter iii glitch?!?!,battery_or_performance,False,"Please check Battery Health in Settings > Battery, keep the device updated, and if it continues, send a DM with the model and symptoms so we can narrow the issue.",real tweet sample labeled using the project intent taxonomy
real-163,2410175.0,2410175,Hey @AppleSupport why does the Bluetooth function always stop working on my iPhone whenever you have a software update? I'm one step closer to a getting a google pixel.,device_or_accessory_setup,False,"Please restart the device, forget and re-pair the accessory, and confirm Bluetooth is enabled. If it still fails, send a DM with the device model and setup step that is failing.",real tweet sample labeled using the project intent taxonomy
real-164,1017789.0,1017790,@AppleSupport Thats right… After trying a few times and not having a clue what could be the issue I tried a different monitor and it worked!? All good now,other_or_unknown,True,"Please share the product, what is failing, and when it started so we can route you to the correct support path.",real tweet sample labeled using the project intent taxonomy
real-165,2307229.0,2307229,"Hey @AppleSupport downloaded the update last night, charged my battery around 2pm &amp; already down to 60%.  WTH",purchase_or_duplicate_charge,True,We can review the duplicate payment in a private channel. Please DM the order number and the app or store where the charge appeared so we can investigate.,real tweet sample labeled using the project intent taxonomy
real-166,372887.0,372887,@AppleSupport when I updated my #iPhone7 to #iOS11 CarPlay glitches.,device_or_accessory_setup,False,"Please restart the device, forget and re-pair the accessory, and confirm Bluetooth is enabled. If it still fails, send a DM with the device model and setup step that is failing.",real tweet sample labeled using the project intent taxonomy
real-167,2141011.0,2141010,Update: chatting to Albert from @AppleSupport 😎 #prayforleah,battery_or_performance,False,"Please check Battery Health in Settings > Battery, keep the device updated, and if it continues, send a DM with the model and symptoms so we can narrow the issue.",real tweet sample labeled using the project intent taxonomy
real-168,716607.0,716608,@AppleSupport I have the latest version iOS. It started immediately after I updated my phone.,battery_or_performance,False,"Please check Battery Health in Settings > Battery, keep the device updated, and if it continues, send a DM with the model and symptoms so we can narrow the issue.",real tweet sample labeled using the project intent taxonomy
real-169,430165.0,430168,"@115858 Please stop fucking with my backlight, I could barely get through the whole day the way it was.",other_or_unknown,True,"Please share the product, what is failing, and when it started so we can route you to the correct support path.",real tweet sample labeled using the project intent taxonomy
real-170,1178096.0,1178096,ok so my phone won’t let me send imessages or use my maps WHY THOSE ARE IMPORTANT @AppleSupport,other_or_unknown,True,"Please share the product, what is failing, and when it started so we can route you to the correct support path.",real tweet sample labeled using the project intent taxonomy
real-171,1681548.0,1681547,@511229 @511230 I’m getting them on iMessage as as well lately.,other_or_unknown,True,"Please share the product, what is failing, and when it started so we can route you to the correct support path.",real tweet sample labeled using the project intent taxonomy
real-172,1292104.0,1292106,"@AppleSupport After I launch app, this will show. 10-15 seconds and will kick me back to home. Also, I can’t open the music tab either from “settings” https://t.co/y8uoerJsrD",other_or_unknown,True,"Please share the product, what is failing, and when it started so we can route you to the correct support path.",real tweet sample labeled using the project intent taxonomy
real-173,1242264.0,1242264,@AppleSupport Any way to check the overall battery health of my iPhone 6s Plus?,battery_or_performance,False,"Please check Battery Health in Settings > Battery, keep the device updated, and if it continues, send a DM with the model and symptoms so we can narrow the issue.",real tweet sample labeled using the project intent taxonomy
real-174,62275.0,62275,Downloaded the @115858 iPhone update.  Thought maybe it would correct my phone crashing problem.  Nope. @AppleSupport iPhone still crashing,battery_or_performance,False,"Please check Battery Health in Settings > Battery, keep the device updated, and if it continues, send a DM with the model and symptoms so we can narrow the issue.",real tweet sample labeled using the project intent taxonomy
real-175,1450109.0,1450109,@115858 my phone has never been more f*cked up,other_or_unknown,True,"Please share the product, what is failing, and when it started so we can route you to the correct support path.",real tweet sample labeled using the project intent taxonomy
real-176,267782.0,267782,@AppleSupport where is the apps folder on the new iTunes? I can’t find my apps,device_or_accessory_setup,False,"Please restart the device, forget and re-pair the accessory, and confirm Bluetooth is enabled. If it still fails, send a DM with the device model and setup step that is failing.",real tweet sample labeled using the project intent taxonomy
real-177,889109.0,889108,@AppleSupport This is all after I finished paying off my phone two months ago- have been paying it for 2 years. Now I’ve paid it off and it stops working?,purchase_or_duplicate_charge,True,We can review the duplicate payment in a private channel. Please DM the order number and the app or store where the charge appeared so we can investigate.,real tweet sample labeled using the project intent taxonomy
real-178,90573.0,90573,@AppleSupport I am trying to update my apps in App Store but it says that I need to pay.,battery_or_performance,False,"Please check Battery Health in Settings > Battery, keep the device updated, and if it continues, send a DM with the model and symptoms so we can narrow the issue.",real tweet sample labeled using the project intent taxonomy
real-179,2296174.0,2296174,"Now I have to take a charger to charge the charger to charge the charger for my shit battery life, I’m running out of pockets here @AppleSupport can you sort it out or I’ll need a mobility scooter.",battery_or_performance,False,"Please check Battery Health in Settings > Battery, keep the device updated, and if it continues, send a DM with the model and symptoms so we can narrow the issue.",real tweet sample labeled using the project intent taxonomy
real-180,2890734.0,2890734,"@AppleSupport My case has been stretched for 3 months 20000001738878 , Sr consultants fooling around Mr. Debanga and Mr. Tushar. HELP.",other_or_unknown,True,"Please share the product, what is failing, and when it started so we can route you to the correct support path.",real tweet sample labeled using the project intent taxonomy
real-181,2909281.0,2909281,Updating my Mac with #HighSerria OS. On the restart got static and white screen of death 💀.  Should I’ve considering a new @115858 ?,repair_or_damage,True,"We can help you find repair options or warranty coverage, and a DM with the device model and issue will help us route you correctly.",real tweet sample labeled using the project intent taxonomy
real-182,187949.0,187948,"@AppleSupport Well, the problem is that Siri on watchOS 4 can’t play the correct album when is in shuffle mode on iPhone, it plays the next album instead",other_or_unknown,True,"Please share the product, what is failing, and when it started so we can route you to the correct support path.",real tweet sample labeled using the project intent taxonomy
real-183,2152954.0,2152954,Dear @115858 please find more subtle ways to force us to update our phones other than changing “i” to I️. I want to throw my phone into oncoming traffic. Tell Jim in software management I️ fucking hate him.,battery_or_performance,False,"Please check Battery Health in Settings > Battery, keep the device updated, and if it continues, send a DM with the model and symptoms so we can narrow the issue.",real tweet sample labeled using the project intent taxonomy
real-184,740097.0,740097,@AppleSupport i use ip7+ and my apple id has been disable. Can u help me? https://t.co/BSXFVrbjQ0,account_access,False,"You can reset your Apple ID or password at iforgot.apple.com. Please do not share passwords or one-time codes in public, and DM us if you still cannot sign in.",real tweet sample labeled using the project intent taxonomy
real-185,208231.0,208264,"@AppleSupport Kindly do is as soon as possible 
My mail id is- __email__ https://t.co/a37HK15CYL",account_access,False,"You can reset your Apple ID or password at iforgot.apple.com. Please do not share passwords or one-time codes in public, and DM us if you still cannot sign in.",real tweet sample labeled using the project intent taxonomy
real-186,2774237.0,2774237,"Upgrade to the new OS wiped out all my contacts. So, thank you, @AppleSupport!",storage_or_cloud,False,"Please review your iCloud and storage settings, remove large backups if needed, and if the issue continues, DM the device and app name so we can narrow the problem.",real tweet sample labeled using the project intent taxonomy
real-187,861374.0,861374,iOS 11 keeps making my phone crash wtf @AppleSupport,battery_or_performance,False,"Please check Battery Health in Settings > Battery, keep the device updated, and if it continues, send a DM with the model and symptoms so we can narrow the issue.",real tweet sample labeled using the project intent taxonomy
real-188,1882518.0,1882518,"Top status bar (wifi, clock, battery) is not rotating on rotation of iPad or is duplicating upon iPad rotation 2/2 @AppleSupport",device_or_accessory_setup,False,"Please restart the device, forget and re-pair the accessory, and confirm Bluetooth is enabled. If it still fails, send a DM with the device model and setup step that is failing.",real tweet sample labeled using the project intent taxonomy
real-189,1646341.0,1646342,@AppleSupport Can y’all also like fix the battery issue too? Cause after I️ updated my phone like died in five seconds..... and my phones new,battery_or_performance,False,"Please check Battery Health in Settings > Battery, keep the device updated, and if it continues, send a DM with the model and symptoms so we can narrow the issue.",real tweet sample labeled using the project intent taxonomy
real-190,2303164.0,2303164,@115858 @AppleSupport why is my iPhone 6 all of the sudden obsolete? My phone is s   l   o   w. My battery can no longer hold a charge... what’s going on??,battery_or_performance,False,"Please check Battery Health in Settings > Battery, keep the device updated, and if it continues, send a DM with the model and symptoms so we can narrow the issue.",real tweet sample labeled using the project intent taxonomy
real-191,2363173.0,2363173,@115858 Fix this stupid glitch. I️ hate it,battery_or_performance,False,"Please check Battery Health in Settings > Battery, keep the device updated, and if it continues, send a DM with the model and symptoms so we can narrow the issue.",real tweet sample labeled using the project intent taxonomy
real-192,1753182.0,1753183,@AppleSupport Yes,other_or_unknown,True,"Please share the product, what is failing, and when it started so we can route you to the correct support path.",real tweet sample labeled using the project intent taxonomy
real-193,1600113.0,1600112,@AppleSupport Oh now it wants to sign me out my fucking iCloud dude!!!!!!!! I am literallly having a BF,account_access,True,"You can reset your Apple ID or password at iforgot.apple.com. Please do not share passwords or one-time codes in public, and DM us if you still cannot sign in.",real tweet sample labeled using the project intent taxonomy
real-194,1331958.0,1331958,@AppleSupport I'm trying to update my phone but it keeps saying I'm not connected to internet but I'm on my wifi?,account_access,False,"You can reset your Apple ID or password at iforgot.apple.com. Please do not share passwords or one-time codes in public, and DM us if you still cannot sign in.",real tweet sample labeled using the project intent taxonomy
real-195,2429199.0,2429200,@AppleSupport Noooo I still see them boxes 😤,other_or_unknown,True,"Please share the product, what is failing, and when it started so we can route you to the correct support path.",real tweet sample labeled using the project intent taxonomy
real-196,2132147.0,2132146,@115858 This was sarcastic. The I️ thing is annoying,other_or_unknown,True,"Please share the product, what is failing, and when it started so we can route you to the correct support path.",real tweet sample labeled using the project intent taxonomy
real-197,1918529.0,1918529,@AppleSupport When I try to play something in Apple Music it keeps trying to get me to “choose a plan” I’ve got a live subscription???,device_or_accessory_setup,False,"Please restart the device, forget and re-pair the accessory, and confirm Bluetooth is enabled. If it still fails, send a DM with the device model and setup step that is failing.",real tweet sample labeled using the project intent taxonomy
real-198,248169.0,248169,Is it just me or is anybody else having problems with Apple Music today?,device_or_accessory_setup,False,"Please restart the device, forget and re-pair the accessory, and confirm Bluetooth is enabled. If it still fails, send a DM with the device model and setup step that is failing.",real tweet sample labeled using the project intent taxonomy
real-199,1484854.0,1484854,@AppleSupport I had been holding off on doing the update. Just did and now my 6s is SUPER HOT!! and phone is slower then a snail. Any help?,battery_or_performance,False,"Please check Battery Health in Settings > Battery, keep the device updated, and if it continues, send a DM with the model and symptoms so we can narrow the issue.",real tweet sample labeled using the project intent taxonomy
real-200,2289406.0,2289406,@115858 I️t is a movie but I️t is also something I️ type all the time. Please fix the thing where I️t autocorrects to have a capital I️ PLEASE,battery_or_performance,False,"Please check Battery Health in Settings > Battery, keep the device updated, and if it continues, send a DM with the model and symptoms so we can narrow the issue.",real tweet sample labeled using the project intent taxonomy
